Pore,Region,Area (um^2),Centroid X (um),Centroid Y (um),Perimeter (um),Ellipse Major Axis (um),Ellipse Minor Axis (um),Major Axis Angle (degree),Circularity,Max Feret Diameter (um),Max Feret X (um),Max Feret Y (um),Feret Angle (degree),Min Feret Diameter (um),Aspect Ratio,Roundness,Solidity,Pore Type
0,Cutaneous,1738.945,4056.630,697.644,182.241,72.319,30.616,133.181,0.658,71.630,2346,387,125.218,34.582,2.362,0.423,0.853,Cortical
1,Cutaneous,5598.988,3447.982,778.910,475.330,212.403,33.563,102.586,0.311,200.618,1997,399,99.382,47.227,6.329,0.158,0.734,Cortical
2,Cutaneous,3753.396,4586.457,739.737,226.819,73.107,65.369,82.714,0.917,77.663,2659,451,77.196,65.404,1.118,0.894,0.962,Cortical
3,Cutaneous,33833.885,4851.172,856.150,772.248,238.823,180.379,102.576,0.713,256.368,2782,440,122.943,189.241,1.324,0.755,0.906,Cortical
4,Cutaneous,1122.760,5920.842,772.022,121.806,40.665,35.154,166.243,0.951,43.167,3428,444,156.501,34.423,1.157,0.865,0.966,Cortical
5,Cutaneous,3397.904,4388.742,798.394,222.714,76.547,56.519,0.119,0.861,78.968,2529,474,20.410,56.799,1.354,0.738,0.952,Cortical
6,Cutaneous,2091.474,4220.225,812.183,171.252,52.515,50.708,44.425,0.896,57.730,2446,488,63.435,51.509,1.036,0.966,0.955,Cortical
7,Cutaneous,2556.575,5188.809,820.050,189.890,70.663,46.066,0.326,0.891,70.966,2995,470,165.964,44.750,1.534,0.652,0.970,Cortical
8,Cutaneous,6392.919,5468.513,865.316,317.817,115.584,70.422,50.553,0.795,117.746,3156,527,52.125,75.457,1.641,0.609,0.944,Cortical
9,Cutaneous,40134.968,6170.148,951.721,788.625,249.810,204.561,86.606,0.811,257.095,3538,493,116.222,202.488,1.221,0.819,0.962,Cortical
10,Cutaneous,1410.116,5050.171,898.661,151.606,59.167,30.345,165.645,0.771,58.444,2917,518,166.373,32.707,1.950,0.513,0.897,Cortical
11,Cutaneous,1578.974,5809.597,938.162,144.304,47.632,42.208,30.110,0.953,50.826,3363,553,28.301,43.029,1.129,0.886,0.965,Cortical
12,Cutaneous,1940.390,7110.876,936.407,171.843,67.803,36.438,173.568,0.826,68.090,4112,538,163.856,36.145,1.861,0.537,0.958,Cortical
13,Cutaneous,1892.991,3833.102,948.813,162.524,57.203,42.135,80.461,0.901,57.730,2219,566,63.435,41.308,1.358,0.737,0.957,Cortical
14,Cutaneous,2938.728,4375.413,961.085,203.486,68.453,54.661,79.717,0.892,69.702,2538,578,69.775,56.799,1.252,0.798,0.959,Cortical
15,Cutaneous,1608.598,3112.911,959.727,151.189,49.540,41.343,132.187,0.884,53.467,1794,552,146.821,43.814,1.198,0.835,0.955,Cortical
16,Cutaneous,1448.627,2621.545,957.898,147.746,55.971,32.953,21.948,0.834,56.981,1509,564,25.017,35.483,1.698,0.589,0.935,Cortical
17,Cutaneous,3863.006,4024.021,971.548,241.596,91.324,53.858,24.304,0.832,95.459,2312,577,25.641,55.789,1.696,0.590,0.962,Cortical
18,Cutaneous,3303.107,2401.447,1010.748,253.767,68.080,61.775,6.250,0.645,83.135,1370,583,152.904,68.812,1.102,0.907,0.845,Cortical
19,Cutaneous,7133.525,3638.302,1035.792,334.021,126.609,71.738,32.868,0.803,127.529,2082,619,31.759,74.645,1.765,0.567,0.964,Cortical
20,Cutaneous,5705.635,6018.802,1056.833,351.823,129.783,55.975,94.716,0.579,144.106,3494,575,97.549,66.905,2.319,0.431,0.885,Cortical
21,Cutaneous,1339.017,6922.696,1024.713,143.296,53.695,31.752,115.873,0.820,55.506,4014,581,119.745,34.230,1.691,0.591,0.917,Cortical
22,Cutaneous,2654.335,7586.752,1028.207,206.093,79.875,42.311,171.970,0.785,78.987,4387,592,168.690,44.142,1.888,0.530,0.953,Cortical
23,Cutaneous,3365.318,4603.498,1047.909,215.239,67.210,63.753,38.279,0.913,71.257,2659,622,37.147,64.504,1.054,0.949,0.962,Cortical
24,Cutaneous,1368.641,4166.145,1032.993,159.255,71.187,24.479,177.680,0.678,67.915,2401,597,171.254,24.066,2.908,0.344,0.949,Cortical
25,Cutaneous,980.563,5240.415,1041.956,121.216,44.151,28.277,124.851,0.839,44.651,3040,594,117.553,30.408,1.561,0.640,0.922,Cortical
26,Cutaneous,1048.699,5786.449,1048.679,122.224,45.194,29.545,104.894,0.882,46.821,3359,596,107.103,30.981,1.530,0.654,0.942,Cortical
27,Cutaneous,5871.531,2718.392,1080.312,315.801,121.587,61.486,28.885,0.740,124.734,1547,643,27.980,66.165,1.978,0.506,0.931,Cortical
28,Cutaneous,4745.809,6926.344,1115.722,277.619,105.777,57.126,97.595,0.774,107.335,4019,617,105.819,57.207,1.852,0.540,0.949,Cortical
29,Cutaneous,8282.947,6527.148,1115.158,494.773,199.075,52.976,29.711,0.425,207.970,3745,686,28.686,62.960,3.758,0.266,0.794,Cortical
30,Cutaneous,1173.121,2481.784,1088.080,128.101,45.549,32.792,157.978,0.898,47.010,1429,627,156.250,34.768,1.389,0.720,0.941,Cortical
31,Cutaneous,4698.410,4444.608,1153.272,259.816,92.865,64.418,29.223,0.875,96.907,2559,685,33.408,67.005,1.442,0.694,0.965,Cortical
32,Cutaneous,980.563,2300.687,1139.022,113.913,39.782,31.383,139.717,0.950,41.056,1330,652,123.024,31.643,1.268,0.789,0.959,Cortical
33,Cutaneous,8534.754,7287.729,1173.545,377.172,133.241,81.558,16.830,0.754,145.273,4195,682,13.707,86.500,1.634,0.612,0.956,Cortical
34,Cutaneous,2580.274,3898.653,1192.507,206.093,80.841,40.639,171.492,0.763,80.159,2242,687,165.069,42.110,1.989,0.503,0.936,Cortical
35,Cutaneous,3942.991,5031.575,1213.721,235.302,81.763,61.401,74.039,0.895,83.277,2916,728,71.939,62.070,1.332,0.751,0.965,Cortical
36,Cutaneous,3368.280,2176.040,1205.171,218.264,76.275,56.226,12.346,0.888,77.986,1242,707,22.036,56.799,1.357,0.737,0.966,Cortical
37,Cutaneous,1182.009,3766.285,1212.836,125.666,42.989,35.008,66.750,0.941,44.750,2182,716,67.380,36.145,1.228,0.814,0.953,Cortical
38,Cutaneous,767.269,4786.984,1223.563,108.628,42.365,23.060,105.117,0.817,42.510,2776,700,111.371,25.037,1.837,0.544,0.920,Cortical
39,Cutaneous,3750.433,5443.681,1256.857,236.382,83.887,56.924,55.648,0.844,85.454,3154,753,71.200,58.239,1.474,0.679,0.952,Cortical
40,Cutaneous,3380.130,5703.809,1247.626,221.533,79.275,54.289,145.622,0.866,82.652,3295,710,148.627,55.984,1.460,0.685,0.959,Cortical
41,Cutaneous,3685.260,7751.789,1265.987,229.008,73.258,64.050,149.200,0.883,77.777,4482,730,155.136,66.670,1.144,0.874,0.956,Cortical
42,Cutaneous,23814.955,2502.024,1353.619,639.524,193.004,157.106,172.271,0.732,211.991,1407,832,29.687,174.691,1.228,0.814,0.941,Cortical
43,Cutaneous,2165.535,6368.529,1285.619,181.997,59.370,46.442,41.302,0.822,64.699,3683,753,28.610,50.032,1.278,0.782,0.931,Cortical
44,Cutaneous,1256.069,5219.648,1288.207,128.101,40.655,39.337,161.221,0.962,43.167,3021,743,156.501,39.587,1.034,0.968,0.957,Cortical
45,Cutaneous,2144.798,6751.609,1303.458,173.269,59.510,45.889,25.778,0.898,62.581,3907,766,31.504,48.193,1.297,0.771,0.958,Cortical
46,Cutaneous,22108.597,4309.286,1365.457,568.488,184.726,152.385,177.150,0.860,189.149,2448,795,172.681,156.139,1.212,0.825,0.969,Cortical
47,Cutaneous,1555.274,3516.159,1324.362,152.024,58.502,33.849,48.498,0.846,59.224,2032,783,54.462,34.910,1.728,0.579,0.944,Cortical
48,Cutaneous,947.977,7929.626,1323.639,111.479,37.117,32.519,11.429,0.959,38.678,4597,764,159.145,32.702,1.141,0.876,0.952,Cortical
49,Cutaneous,1596.748,1734.360,1336.818,161.343,61.534,33.039,15.178,0.771,63.869,989,782,14.036,36.663,1.862,0.537,0.922,Cortical
50,Cutaneous,11589.016,5938.039,1398.257,422.412,145.138,101.666,96.597,0.816,152.865,3441,770,97.765,108.054,1.428,0.701,0.951,Cortical
51,Cutaneous,764.306,6667.374,1352.800,100.317,33.480,29.066,124.519,0.954,36.308,3868,777,121.430,29.260,1.152,0.868,0.952,Cortical
52,Cutaneous,8623.627,8283.732,1404.110,403.285,150.207,73.099,168.251,0.666,152.952,4769,804,160.953,85.561,2.055,0.487,0.904,Cortical
53,Cutaneous,1611.561,3391.076,1388.978,150.598,54.089,37.935,27.965,0.893,56.275,1955,814,23.429,40.026,1.426,0.701,0.949,Cortical
54,Cutaneous,5376.806,8015.832,1410.533,274.003,90.423,75.710,20.602,0.900,94.930,4631,830,22.380,77.169,1.194,0.837,0.964,Cortical
55,Cutaneous,1137.572,1971.036,1397.953,128.518,46.854,30.913,52.373,0.866,47.822,1140,825,59.744,32.358,1.516,0.660,0.932,Cortical
56,Cutaneous,1709.321,7459.288,1409.321,159.499,57.574,37.802,30.265,0.844,60.216,4319,827,30.964,39.733,1.523,0.657,0.939,Cortical
57,Cutaneous,18681.068,6663.251,1455.143,562.295,211.687,112.362,174.202,0.743,217.120,3809,840,167.176,111.876,1.884,0.531,0.964,Cortical
58,Cutaneous,2562.500,1818.952,1430.138,187.700,57.818,56.430,82.551,0.914,61.506,1052,848,72.072,57.201,1.025,0.976,0.951,Cortical
59,Cutaneous,945.014,5440.946,1427.932,114.922,41.831,28.764,120.601,0.899,43.983,3154,819,120.579,30.510,1.454,0.688,0.945,Cortical
60,Cutaneous,1777.457,5715.674,1439.237,154.040,49.997,45.265,174.363,0.941,53.384,3306,831,159.228,44.750,1.105,0.905,0.962,Cortical
61,Cutaneous,18488.510,4043.815,1529.592,564.872,211.255,111.431,118.039,0.728,219.508,2326,828,114.555,124.152,1.896,0.527,0.943,Trabecularized
62,Cutaneous,862.066,2421.571,1461.661,112.488,41.642,26.358,81.880,0.856,43.029,1404,861,73.740,27.539,1.580,0.633,0.939,Cortical
63,Cutaneous,1670.809,2264.718,1508.789,150.180,50.063,42.494,18.633,0.931,53.134,1302,884,24.905,43.029,1.178,0.849,0.958,Cortical
64,Cutaneous,4544.364,7373.897,1573.849,298.834,121.929,47.454,139.288,0.639,123.253,4258,895,144.090,49.899,2.569,0.389,0.930,Cortical
65,Cutaneous,1155.347,1529.882,1552.456,130.117,45.602,32.258,126.134,0.858,47.262,882,889,123.111,34.077,1.414,0.707,0.935,Cortical
66,Cutaneous,2544.725,2708.945,1567.981,189.890,62.531,51.815,3.094,0.887,64.882,1556,919,21.801,53.356,1.207,0.829,0.956,Cortical
67,Cutaneous,1830.780,4830.406,1571.005,160.507,56.529,41.236,60.412,0.893,59.224,2797,927,54.462,42.797,1.371,0.730,0.958,Cortical
68,Cutaneous,1581.936,5972.925,1569.350,156.475,55.072,36.574,161.036,0.812,59.449,3454,906,157.891,41.308,1.506,0.664,0.917,Cortical
69,Cutaneous,1904.841,5801.448,1615.771,164.785,59.040,41.079,22.947,0.881,62.391,3355,947,24.444,43.685,1.437,0.696,0.951,Cortical
70,Cutaneous,909.465,7649.108,1632.054,111.479,40.870,28.333,52.558,0.920,42.510,4438,959,58.240,29.209,1.442,0.693,0.956,Cortical
71,Cutaneous,5750.072,8171.377,1660.653,305.575,117.408,62.357,174.714,0.774,118.173,4714,957,167.381,63.683,1.883,0.531,0.958,Cortical
72,Cutaneous,1229.407,3335.854,1650.157,135.230,53.579,29.215,146.554,0.845,53.881,1924,952,153.435,30.426,1.834,0.545,0.945,Trabecularized
73,Cutaneous,4206.647,3445.906,1682.852,267.536,94.765,56.519,65.251,0.739,99.486,1988,999,59.886,62.906,1.677,0.596,0.930,Cortical
74,Cutaneous,2704.696,2275.518,1662.940,205.675,78.797,43.704,3.687,0.803,78.968,1302,975,16.460,43.029,1.803,0.555,0.953,Cortical
75,Cutaneous,14664.016,1451.441,1744.458,492.094,164.331,113.617,17.805,0.761,173.095,798,1032,19.156,117.338,1.446,0.691,0.932,Cortical
76,Cutaneous,1134.610,6628.337,1698.249,158.909,59.892,24.120,161.676,0.565,60.118,3837,979,156.371,30.781,2.483,0.403,0.811,Cortical
77,Cutaneous,1487.139,1204.319,1735.831,143.713,50.158,37.750,21.013,0.905,52.432,686,1015,23.199,39.587,1.329,0.753,0.952,Cortical
78,Cutaneous,7782.297,8454.949,1821.518,341.078,112.365,88.183,177.016,0.841,116.125,4879,1054,168.024,87.780,1.274,0.785,0.949,Cortical
79,Cutaneous,1134.610,7238.283,1794.437,130.535,50.359,28.687,166.824,0.837,51.778,4191,1038,164.578,30.981,1.756,0.570,0.935,Cortical
80,Cutaneous,1783.381,7332.060,1799.652,169.653,65.341,34.751,161.034,0.779,65.968,4241,1041,164.876,37.648,1.880,0.532,0.909,Cortical
81,Cutaneous,1036.850,1279.779,1833.086,122.642,45.552,28.982,34.743,0.866,46.979,731,1072,28.443,30.426,1.572,0.636,0.942,Cortical
82,Cutaneous,16770.302,8891.915,1896.518,566.644,212.256,100.598,1.334,0.656,228.657,5106,1111,6.483,107.703,2.110,0.474,0.935,Cortical
83,Cutaneous,867.991,931.162,1940.931,115.757,45.368,24.360,38.590,0.814,44.418,530,1135,35.538,25.267,1.862,0.537,0.916,Cortical
84,Cutaneous,2583.237,9205.723,2004.869,196.428,72.430,45.410,129.788,0.841,73.528,5337,1146,122.574,45.633,1.595,0.627,0.942,Cortical
85,Cutaneous,2147.760,1393.292,2004.590,171.079,57.238,47.776,35.785,0.922,60.828,793,1172,25.115,48.682,1.198,0.835,0.958,Cortical
86,Cutaneous,1333.092,8476.068,2038.019,142.287,51.798,32.769,101.432,0.827,54.428,4920,1168,108.435,36.145,1.581,0.633,0.931,Cortical
87,Cutaneous,1961.127,9087.465,2035.177,174.867,67.078,37.225,172.522,0.806,67.500,5260,1177,160.641,37.866,1.802,0.555,0.953,Cortical
88,Cutaneous,10409.970,887.957,2109.697,535.216,239.711,55.293,49.178,0.457,232.715,471,1278,47.698,59.884,4.335,0.231,0.893,Cortical
89,Cutaneous,5898.193,9170.421,2196.832,293.721,105.639,71.090,151.449,0.859,105.680,5298,1268,163.926,71.433,1.486,0.673,0.968,Cortical
90,Cutaneous,7305.346,9014.844,2322.480,340.905,127.778,72.794,141.214,0.790,135.284,5203,1326,143.276,75.457,1.755,0.570,0.965,Cortical
91,Cutaneous,805.780,752.759,2319.714,103.169,35.739,28.707,123.245,0.951,37.235,432,1338,123.690,30.426,1.245,0.803,0.948,Cortical
92,Cutaneous,4888.005,9337.253,2344.956,265.938,86.706,71.778,148.074,0.869,89.848,5411,1339,126.431,72.289,1.208,0.828,0.948,Cortical
93,Cutaneous,1987.789,738.232,2373.416,164.785,55.924,45.256,106.444,0.920,58.241,422,1363,108.970,46.472,1.236,0.809,0.961,Cortical
94,Cutaneous,1184.971,944.410,2365.998,126.257,41.447,36.402,100.085,0.934,43.167,543,1363,113.499,36.145,1.139,0.878,0.958,Cortical
95,Cutaneous,1798.194,1127.654,2440.043,169.999,63.004,36.340,1.325,0.782,62.058,639,1423,19.440,36.145,1.734,0.577,0.928,Trabecularized
96,Cutaneous,1279.769,658.069,2522.033,140.271,52.781,30.872,118.425,0.817,53.881,377,1451,116.565,33.328,1.710,0.585,0.936,Cortical
97,Cutaneous,13141.328,9540.628,2646.570,448.698,142.417,117.487,32.407,0.820,152.341,5512,1569,32.074,120.832,1.212,0.825,0.954,Cortical
98,Cutaneous,737.644,593.897,2735.731,101.152,36.756,25.552,51.912,0.906,37.787,339,1599,59.931,26.775,1.438,0.695,0.943,Cortical
99,Cutaneous,1223.483,9916.111,3030.220,136.829,53.351,29.199,115.834,0.821,54.018,5755,1746,112.479,30.528,1.827,0.547,0.941,Cortical
100,Cutaneous,2032.225,463.953,3049.008,181.997,72.091,35.892,68.721,0.771,73.226,262,1791,66.448,37.011,2.009,0.498,0.944,Cortical
101,Cutaneous,4236.271,9726.276,3091.158,276.611,109.339,49.331,73.104,0.696,110.598,5640,1823,69.026,53.910,2.216,0.451,0.932,Trabecularized
102,Cutaneous,1824.855,9924.732,3181.326,172.505,68.879,33.733,122.604,0.771,67.894,5756,1831,120.466,35.800,2.042,0.490,0.930,Cortical
103,Cutaneous,894.653,603.971,3229.377,112.905,43.055,26.457,35.543,0.882,43.983,340,1883,30.579,27.883,1.627,0.615,0.941,Cortical
104,Cutaneous,1676.734,765.374,3242.296,149.172,51.506,41.449,75.512,0.947,52.798,439,1898,70.974,41.308,1.243,0.805,0.966,Cortical
105,Cutaneous,4499.927,9759.620,3370.024,252.341,84.667,67.671,78.855,0.888,87.712,5663,1982,74.055,70.568,1.251,0.799,0.959,Cortical
106,Cutaneous,2473.627,575.146,3437.823,188.881,64.273,49.002,99.381,0.871,64.813,331,2015,79.287,49.648,1.312,0.762,0.954,Cortical
107,Cutaneous,1451.590,466.659,3483.424,152.787,60.370,30.615,95.486,0.781,59.747,268,2008,101.634,30.981,1.972,0.507,0.959,Cortical
108,Cutaneous,1371.604,10011.663,3535.929,137.419,49.161,35.523,95.265,0.913,50.621,5813,2040,107.819,36.136,1.384,0.723,0.951,Cortical
109,Cutaneous,1137.572,707.056,3621.854,137.419,56.086,25.825,66.848,0.757,56.275,404,2119,66.571,27.710,2.172,0.461,0.921,Trabecularized
110,Cutaneous,2790.607,9397.808,3828.753,201.052,64.074,55.453,82.580,0.868,68.198,5455,2243,79.825,55.078,1.155,0.866,0.945,Cortical
111,Pleural,6144.075,543.032,3989.339,391.878,174.866,44.736,99.970,0.503,171.816,305,2269,100.972,45.702,3.909,0.256,0.928,Cortical
112,Cutaneous,1170.159,9333.905,4187.157,127.265,42.339,35.190,16.106,0.908,44.883,5411,2439,32.471,34.423,1.203,0.831,0.954,Cortical
113,Cutaneous,10418.858,9710.288,4224.955,429.470,158.073,83.921,35.621,0.710,167.299,5600,2488,36.634,93.442,1.884,0.531,0.940,Cortical
114,Cutaneous,1854.480,9774.133,4379.647,186.447,78.532,30.067,74.547,0.670,76.200,5673,2566,71.565,31.726,2.612,0.383,0.911,Cortical
115,Pleural,1445.665,720.839,4469.463,148.337,58.968,31.215,87.737,0.826,58.062,416,2580,101.976,30.981,1.889,0.529,0.958,Cortical
116,Cutaneous,2082.587,9716.282,4492.351,174.694,60.635,43.731,79.825,0.858,62.651,5637,2626,69.076,45.697,1.387,0.721,0.940,Cortical
117,Cutaneous,1872.254,9484.390,4505.872,169.236,61.012,39.071,62.306,0.822,65.427,5504,2636,63.435,42.335,1.562,0.640,0.945,Cortical
118,Pleural,4259.971,9026.833,4732.337,266.283,94.175,57.594,71.640,0.755,97.865,5234,2772,66.140,61.962,1.635,0.612,0.940,Cortical
119,Pleural,663.584,9211.858,4812.292,93.433,30.546,27.660,108.124,0.955,33.107,5347,2788,117.897,27.539,1.104,0.905,0.955,Cortical
120,Pleural,1887.066,9119.983,4931.368,164.785,61.020,39.376,50.657,0.873,63.497,5289,2881,57.172,40.163,1.550,0.645,0.958,Cortical
121,Pleural,2672.110,9474.944,4994.548,208.008,75.787,44.892,45.120,0.776,77.146,5484,2913,38.660,43.996,1.688,0.592,0.923,Cortical
122,Pleural,1682.659,9349.622,5129.718,156.648,58.798,36.437,69.293,0.862,61.578,5424,2996,63.435,37.866,1.614,0.620,0.964,Cortical
123,Pleural,1872.254,9065.603,5130.735,165.203,58.563,40.705,137.058,0.862,60.241,5254,2971,143.130,41.380,1.439,0.695,0.947,Cortical
124,Pleural,728.757,7845.892,5315.037,100.144,37.773,24.564,134.491,0.913,38.678,4549,3082,147.724,25.473,1.538,0.650,0.941,Cortical
125,Pleural,6778.034,1341.902,5445.436,315.974,112.341,76.820,120.346,0.853,114.855,762,3135,119.638,79.282,1.462,0.684,0.962,Cortical
126,Pleural,1069.436,1611.151,5534.137,124.068,45.924,29.650,122.220,0.873,46.344,931,3203,111.801,30.617,1.549,0.646,0.934,Cortical
127,Pleural,2361.055,8604.294,5571.341,177.964,57.547,52.239,50.427,0.937,60.216,4985,3246,30.964,52.333,1.102,0.908,0.962,Cortical
128,Pleural,7326.083,8364.809,5610.712,317.990,100.398,92.909,116.176,0.910,106.226,4844,3234,116.980,94.664,1.081,0.925,0.969,Cortical
129,Pleural,1238.295,8062.361,5590.131,132.551,46.855,33.649,51.615,0.886,50.180,4677,3261,59.036,35.294,1.393,0.718,0.952,Cortical
130,Pleural,1398.266,8395.304,5703.193,139.853,48.870,36.430,169.562,0.898,51.174,4864,3308,160.346,37.866,1.341,0.745,0.941,Cortical
131,Pleural,1116.835,7729.495,5706.819,134.812,53.976,26.345,42.104,0.772,54.428,4478,3325,34.695,27.992,2.049,0.488,0.923,Cortical
132,Pleural,1602.673,1375.882,5718.474,149.172,50.106,40.725,78.260,0.905,51.347,794,3337,76.430,41.308,1.230,0.813,0.949,Cortical
133,Pleural,11529.768,7800.997,5784.399,457.253,146.040,100.521,76.859,0.693,164.730,4527,3403,79.160,108.247,1.453,0.688,0.929,Cortical
134,Pleural,1060.549,8933.668,5714.656,119.372,40.498,33.343,87.898,0.935,42.510,5186,3332,68.629,32.702,1.215,0.823,0.959,Cortical
135,Pleural,8460.693,1891.666,5763.469,350.642,125.801,85.631,137.159,0.865,127.413,1078,3318,128.418,87.628,1.469,0.681,0.964,Cortical
136,Pleural,2758.020,2035.546,5743.680,217.500,82.866,42.377,149.251,0.733,86.983,1162,3327,152.928,47.465,1.956,0.511,0.923,Cortical
137,Pleural,1952.240,8666.214,5777.730,163.186,56.654,43.874,43.126,0.921,57.858,5021,3365,30.379,43.814,1.291,0.774,0.957,Cortical
138,Pleural,965.751,1672.988,5807.034,115.339,42.807,28.725,145.173,0.912,43.983,961,3367,149.421,30.074,1.490,0.671,0.944,Cortical
139,Pleural,1353.829,4472.499,5845.364,141.452,49.062,35.134,0.217,0.850,51.174,2583,3399,19.654,36.145,1.396,0.716,0.937,Cortical
140,Pleural,39658.017,5837.395,5977.356,794.298,243.195,207.629,83.665,0.790,262.398,3384,3406,97.918,213.425,1.171,0.854,0.946,Cortical
141,Pleural,1096.098,4131.591,5878.639,128.274,51.966,26.856,175.304,0.837,50.971,2386,3412,168.311,25.818,1.935,0.517,0.961,Cortical
142,Pleural,2935.766,8133.040,5916.320,284.157,125.400,29.808,158.270,0.457,122.506,4694,3425,155.956,34.324,4.207,0.238,0.842,Cortical
143,Pleural,125663.213,4006.091,6061.711,1638.663,573.147,279.159,24.062,0.588,631.191,2196,3610,26.216,317.330,2.053,0.487,0.913,Trabecularized
144,Pleural,15846.025,7021.667,5974.614,625.755,175.451,114.994,160.660,0.508,192.094,4030,3435,143.746,122.788,1.526,0.655,0.857,Cortical
145,Pleural,2103.323,5054.115,5942.974,177.719,57.601,46.493,60.826,0.837,62.651,2922,3464,37.185,47.429,1.239,0.807,0.928,Cortical
146,Pleural,1910.766,2273.467,5935.114,183.005,74.332,32.730,2.415,0.717,74.509,1299,3446,173.368,34.946,2.271,0.440,0.918,Cortical
147,Pleural,6330.708,8258.062,5991.024,295.910,96.758,83.306,117.125,0.908,99.486,4782,3457,120.114,85.821,1.161,0.861,0.970,Cortical
148,Pleural,785.043,8512.295,5974.017,102.161,36.182,27.625,43.404,0.945,37.787,4936,3476,30.069,27.992,1.310,0.763,0.955,Cortical
149,Pleural,3214.234,5387.510,6027.448,223.132,84.906,48.200,83.219,0.811,87.442,3125,3528,79.796,48.193,1.762,0.568,0.958,Cortical
150,Pleural,936.127,8692.956,6001.438,112.905,39.482,30.189,0.414,0.923,40.912,5039,3489,14.621,30.981,1.308,0.765,0.939,Cortical
151,Pleural,3294.219,3162.233,6121.954,213.395,67.017,62.586,49.792,0.909,71.734,1819,3568,30.256,63.683,1.071,0.934,0.961,Cortical
152,Pleural,6401.806,5500.276,6134.519,320.669,110.104,74.030,143.637,0.782,112.917,3173,3539,127.569,76.962,1.487,0.672,0.930,Cortical
153,Pleural,1522.688,5165.514,6129.707,141.870,44.749,43.325,141.947,0.951,47.730,2989,3555,154.359,43.029,1.033,0.968,0.963,Cortical
154,Pleural,995.376,2321.172,6145.301,114.922,39.502,32.083,155.546,0.947,41.630,1338,3564,150.255,32.702,1.231,0.812,0.953,Cortical
155,Pleural,3214.234,2577.131,6166.872,210.788,69.523,58.865,39.865,0.909,72.391,1479,3593,28.393,60.853,1.181,0.847,0.958,Cortical
156,Pleural,7850.433,8118.148,6207.116,331.587,113.515,88.054,131.293,0.897,114.816,4690,3585,139.864,88.845,1.289,0.776,0.972,Cortical
157,Pleural,678.396,6740.009,6219.126,93.850,32.470,26.602,133.295,0.968,33.947,3911,3605,120.466,26.775,1.221,0.819,0.958,Cortical
158,Pleural,891.691,5014.618,6229.570,108.455,36.840,30.818,55.594,0.953,38.678,2909,3630,69.145,31.643,1.195,0.837,0.945,Cortical
159,Pleural,1134.610,7034.237,6251.846,131.543,47.948,30.129,127.534,0.824,48.712,4079,3621,122.005,32.794,1.591,0.628,0.913,Cortical
160,Pleural,1060.549,3507.957,6271.959,132.796,54.951,24.573,142.689,0.756,54.018,2025,3635,149.349,25.816,2.236,0.447,0.906,Cortical
161,Pleural,1442.702,2214.993,6281.330,144.722,55.878,32.874,164.248,0.866,57.704,1271,3645,162.646,34.423,1.700,0.588,0.955,Cortical
162,Pleural,4763.583,4350.277,6307.864,256.374,79.000,76.775,55.123,0.911,81.642,2515,3644,124.695,77.139,1.029,0.972,0.965,Cortical
163,Pleural,2138.873,6535.906,6316.950,174.522,61.216,44.487,160.615,0.882,63.146,3780,3664,162.553,46.808,1.376,0.727,0.947,Cortical
164,Pleural,3433.454,2742.035,6348.883,215.657,67.509,64.756,83.001,0.928,70.316,1585,3670,111.541,65.404,1.042,0.959,0.963,Cortical
165,Pleural,2473.627,3099.289,6348.898,201.643,80.304,39.220,10.670,0.764,81.406,1778,3694,13.449,41.308,2.048,0.488,0.945,Cortical
166,Pleural,3537.139,7473.100,6368.410,240.588,83.890,53.685,36.568,0.768,86.058,4324,3716,36.870,57.765,1.563,0.640,0.915,Cortical
167,Pleural,2793.569,4578.729,6402.736,196.601,67.723,52.521,167.294,0.908,71.320,2641,3711,160.253,53.356,1.289,0.775,0.961,Cortical
168,Pleural,3400.867,5387.952,6423.264,221.533,77.697,55.731,28.683,0.871,78.516,3111,3743,26.003,57.495,1.394,0.717,0.950,Cortical
169,Pleural,1795.231,6692.587,6415.396,155.466,49.615,46.070,44.276,0.933,52.545,3880,3741,58.392,46.248,1.077,0.928,0.957,Cortical
170,Pleural,743.569,6212.558,6412.193,102.161,37.551,25.212,20.004,0.895,38.678,3599,3730,20.855,26.899,1.489,0.671,0.937,Cortical
171,Pleural,3045.376,6909.989,6450.456,222.368,86.912,44.614,146.843,0.774,90.111,3991,3736,151.477,46.019,1.948,0.513,0.948,Cortical
172,Pleural,2615.823,4771.795,6455.930,192.151,70.968,46.930,16.119,0.890,73.064,2752,3755,15.018,48.193,1.512,0.661,0.967,Cortical
173,Pleural,1576.011,3899.299,6467.003,176.538,75.496,26.579,157.234,0.635,73.930,2247,3747,155.225,29.922,2.840,0.352,0.862,Cortical
174,Pleural,2595.086,2484.384,6480.971,193.159,63.977,51.646,169.298,0.874,69.383,1423,3759,156.615,53.356,1.239,0.807,0.952,Cortical
175,Pleural,4579.913,3624.358,6518.754,250.915,82.094,71.032,102.473,0.914,85.019,2097,3764,111.371,71.688,1.156,0.865,0.964,Cortical
176,Pleural,1975.939,4117.198,6513.793,163.950,54.366,46.276,168.194,0.924,57.007,2377,3776,151.113,44.750,1.175,0.851,0.963,Cortical
177,Pleural,1999.639,4447.465,6549.034,213.640,92.635,27.484,113.243,0.550,90.177,2572,3780,113.629,31.195,3.370,0.297,0.877,Cortical
178,Pleural,1090.173,3228.144,6528.470,130.117,47.089,29.477,45.808,0.809,48.712,1863,3800,32.005,32.149,1.597,0.626,0.906,Cortical
179,Pleural,3904.479,7732.853,6547.558,228.835,73.292,67.829,24.011,0.937,77.069,4472,3812,23.703,68.155,1.081,0.925,0.967,Cortical
180,Pleural,716.908,3367.562,6544.615,120.208,46.054,19.820,95.460,0.624,44.684,1953,3790,105.642,21.253,2.324,0.430,0.857,Cortical
181,Pleural,779.118,2896.066,6540.863,102.161,35.657,27.821,154.936,0.938,37.748,1673,3795,155.772,29.209,1.282,0.780,0.950,Cortical
182,Pleural,838.367,5095.342,6540.785,105.185,37.041,28.818,175.744,0.952,38.678,2950,3796,159.145,27.539,1.285,0.778,0.958,Cortical
183,Pleural,1039.812,7253.632,6589.717,117.773,38.415,34.464,158.454,0.942,40.912,4203,3825,157.751,35.294,1.115,0.897,0.950,Cortical
184,Pleural,1567.124,7469.930,6604.377,153.032,57.197,34.885,9.443,0.841,58.062,4323,3839,11.976,36.172,1.640,0.610,0.941,Cortical
185,Pleural,4046.676,5999.250,6632.822,236.311,77.939,66.108,7.801,0.911,80.362,3463,3860,9.866,63.683,1.179,0.848,0.967,Cortical
186,Pleural,1475.289,3117.872,6653.291,145.730,52.243,35.955,36.797,0.873,54.428,1798,3875,34.695,38.667,1.453,0.688,0.943,Cortical
187,Pleural,2171.459,4850.980,6674.986,171.079,57.735,47.887,144.007,0.932,60.044,2802,3872,152.700,48.682,1.206,0.829,0.961,Cortical
188,Pleural,639.884,5288.782,6676.300,91.416,31.353,25.985,34.820,0.962,33.107,3064,3883,27.897,26.775,1.207,0.829,0.952,Cortical
189,Pleural,1466.402,3990.586,6685.267,139.436,45.823,40.745,142.891,0.948,48.499,2306,3877,152.526,41.308,1.125,0.889,0.961,Cortical
190,Pleural,1578.974,7422.680,6700.224,147.156,50.521,39.793,109.973,0.916,54.018,4306,3879,112.479,41.308,1.270,0.788,0.954,Cortical
191,Pleural,2091.474,3540.369,6706.584,187.110,71.720,37.130,135.724,0.751,72.084,2043,3880,123.311,39.910,1.932,0.518,0.918,Cortical
192,Pleural,3146.098,4604.567,6724.853,206.338,67.770,59.108,46.018,0.929,69.702,2659,3919,32.905,59.636,1.147,0.872,0.964,Cortical
193,Pleural,2482.514,4281.467,6721.920,182.414,59.324,53.281,29.630,0.938,61.699,2478,3921,59.859,54.651,1.113,0.898,0.962,Cortical
194,Pleural,6940.968,3793.586,6772.384,453.465,179.198,49.317,49.420,0.424,190.000,2159,3976,42.797,65.847,3.634,0.275,0.762,Cortical
195,Pleural,1398.266,5553.119,6733.612,137.837,46.065,38.648,100.640,0.925,48.985,3221,3899,108.435,39.587,1.192,0.839,0.945,Cortical
196,Pleural,1733.020,7024.166,6788.059,156.892,57.046,38.680,34.800,0.885,57.858,4067,3953,30.379,38.667,1.475,0.678,0.950,Cortical
197,Pleural,1685.621,3053.745,6800.161,153.032,53.303,40.264,147.648,0.904,56.196,1760,3943,152.650,42.597,1.324,0.755,0.949,Cortical
198,Pleural,1039.812,4828.699,6814.891,124.068,48.455,27.323,128.294,0.849,48.712,2797,3948,122.005,28.571,1.773,0.564,0.930,Cortical
199,Pleural,1392.341,3193.320,6830.413,143.123,50.072,35.405,148.898,0.854,51.778,1841,3964,158.552,36.734,1.414,0.707,0.924,Cortical
200,Pleural,2624.711,6720.104,6861.032,195.002,70.067,47.696,54.904,0.867,70.819,3896,4005,64.058,49.295,1.469,0.681,0.947,Cortical
201,Pleural,1504.913,5948.287,6866.118,151.016,56.755,33.761,139.406,0.829,58.241,3443,3979,145.840,36.511,1.681,0.595,0.924,Cortical
202,Pleural,1164.234,7372.900,6865.295,129.109,48.620,30.488,175.073,0.878,49.676,4270,3984,165.964,30.981,1.595,0.627,0.948,Cortical
203,Pleural,2541.763,6256.709,6884.627,223.132,90.395,35.801,19.037,0.641,89.848,3608,4008,16.699,38.821,2.525,0.396,0.921,Cortical
204,Pleural,835.405,7244.650,6877.058,105.185,37.249,28.556,91.208,0.949,38.100,4206,3985,108.435,27.539,1.304,0.767,0.963,Cortical
205,Pleural,2044.075,5424.880,6886.595,167.810,56.205,46.306,117.139,0.912,57.832,3138,3992,143.471,47.723,1.214,0.824,0.963,Cortical
206,Pleural,1404.191,5176.594,6891.599,141.870,48.091,37.177,1.552,0.877,50.621,2993,4000,162.181,37.866,1.294,0.773,0.944,Cortical
207,Pleural,1549.350,5519.631,6929.601,151.189,54.336,36.306,35.766,0.852,57.292,3193,4035,32.735,40.026,1.497,0.668,0.936,Cortical
208,Pleural,1475.289,7037.586,6935.663,140.862,49.394,38.029,16.812,0.934,51.578,4076,4036,25.710,37.866,1.299,0.770,0.962,Cortical
209,Pleural,1691.546,6669.320,6956.939,160.507,59.500,36.197,70.190,0.825,60.828,3866,4057,64.885,37.516,1.644,0.608,0.945,Cortical
210,Pleural,1321.243,3010.678,6955.832,134.985,47.398,35.492,83.675,0.911,48.008,1746,4055,75.466,36.118,1.335,0.749,0.945,Cortical
211,Pleural,1341.980,4803.272,6958.846,136.166,44.734,38.196,46.184,0.909,49.227,2779,4051,36.469,39.450,1.171,0.854,0.962,Cortical
212,Pleural,1066.474,3979.432,6967.594,120.798,42.987,31.588,109.442,0.918,44.750,2307,4036,112.620,32.702,1.361,0.735,0.956,Cortical
213,Pleural,959.827,4579.312,6986.714,117.773,43.030,28.401,111.878,0.870,44.117,2657,4047,110.556,29.250,1.515,0.660,0.936,Cortical
214,Pleural,1288.656,4368.495,7012.861,131.543,45.265,36.248,172.298,0.936,46.821,2525,4072,162.897,36.145,1.249,0.801,0.955,Cortical
215,Pleural,909.465,5314.293,7026.471,111.897,39.276,29.483,116.869,0.913,40.912,3084,4071,112.249,30.020,1.332,0.751,0.943,Cortical
216,Pleural,1513.801,6406.120,7059.320,160.925,64.451,29.905,18.968,0.735,63.287,3704,4107,22.380,30.906,2.155,0.464,0.930,Cortical
217,Pleural,850.217,3798.548,7059.428,109.045,41.832,25.878,2.828,0.898,42.195,2195,4099,168.232,25.818,1.617,0.619,0.947,Cortical
218,Pleural,1238.295,3599.721,7073.125,128.101,44.288,35.600,11.790,0.948,46.344,2079,4115,21.801,36.145,1.244,0.804,0.958,Cortical
219,Pleural,1818.930,5075.709,7093.849,156.057,50.759,45.626,36.755,0.939,53.467,2937,4131,33.178,46.472,1.113,0.899,0.959,Cortical
220,Pleural,1626.373,5780.952,7093.139,149.172,53.800,38.490,178.623,0.918,54.346,3343,4118,169.046,37.866,1.398,0.715,0.959,Cortical
221,Pleural,713.945,6202.709,7099.439,103.342,41.931,21.679,177.275,0.840,40.912,3592,4122,165.379,20.654,1.934,0.517,0.960,Cortical
222,Pleural,862.066,5247.928,7145.545,105.603,34.692,31.639,88.223,0.971,36.471,3046,4141,109.290,30.981,1.097,0.912,0.957,Cortical
223,Pleural,1116.835,5594.053,7143.316,123.405,43.174,32.936,10.878,0.922,45.440,3238,4156,24.624,30.981,1.311,0.763,0.969,Cortical
224,Pleural,832.442,4261.566,7146.878,104.595,34.612,30.622,86.804,0.956,36.471,2473,4142,109.290,30.981,1.130,0.885,0.953,Cortical
225,Pleural,1430.852,4768.912,7156.618,148.755,58.633,31.072,6.825,0.813,58.444,2754,4162,13.627,31.825,1.887,0.530,0.942,Cortical
226,Cutaneous,6671.387,3666.192,708.801,413.608,143.766,59.084,76.766,0.490,154.138,2115,453,60.572,87.592,2.433,0.411,0.717,Cortical
227,Cutaneous,26007.151,3357.834,931.166,708.270,273.418,121.109,171.286,0.651,275.925,1872,534,176.424,131.004,2.258,0.443,0.926,Cortical
228,Cutaneous,5441.979,3069.260,1432.456,285.339,93.468,74.132,5.662,0.840,95.055,1757,830,174.806,74.010,1.261,0.793,0.953,Cortical
229,Cutaneous,8632.514,2963.978,924.670,669.712,222.202,49.465,165.281,0.242,242.838,1640,520,163.106,84.827,4.492,0.223,0.580,Cortical
230,Cutaneous,5658.237,3042.891,1223.859,461.632,172.788,41.694,4.154,0.334,192.564,1712,723,7.189,46.472,4.144,0.241,0.896,Cortical
231,Cutaneous,367.341,2795.625,1327.952,80.081,29.276,15.976,55.105,0.720,30.645,1618,778,51.843,18.474,1.833,0.546,0.849,Cortical
232,Cutaneous,1641.185,2759.313,1425.197,258.045,106.779,19.570,61.138,0.310,114.700,1587,859,64.204,24.176,5.456,0.183,0.782,Cortical
233,Cutaneous,1890.029,2739.871,1757.625,209.741,98.643,24.396,10.794,0.540,96.016,1564,1029,14.534,25.501,4.043,0.247,0.959,Cortical
234,Cutaneous,11535.693,1891.938,1690.224,561.460,243.823,60.239,10.007,0.460,237.945,1032,1003,14.237,65.128,4.048,0.247,0.913,Cortical
235,Cutaneous,2138.873,1683.665,1707.997,167.957,57.136,47.664,11.670,0.953,60.535,960,997,14.826,48.574,1.199,0.834,0.976,Cortical
236,Cutaneous,216.257,1164.725,2148.811,64.468,19.281,14.281,84.949,0.654,22.042,673,1254,51.340,15.491,1.350,0.741,0.802,Cortical
237,Cutaneous,500.650,1171.582,2246.998,84.531,30.385,20.979,64.963,0.880,32.338,677,1314,64.799,22.860,1.448,0.691,0.913,Cortical
238,Cutaneous,3726.734,1082.184,1960.447,326.372,109.379,43.382,44.674,0.440,112.391,606,1162,40.030,48.858,2.521,0.397,0.873,Cortical
239,Cutaneous,1395.303,1020.901,2164.193,276.163,109.626,16.206,32.887,0.230,119.556,560,1276,30.256,21.253,6.765,0.148,0.726,Cortical
240,Cutaneous,101572.753,917.818,2812.630,1483.584,381.250,339.217,105.504,0.580,439.792,494,1501,108.010,370.481,1.124,0.890,0.886,Trabecularized
241,Cutaneous,1581.936,660.733,2823.380,193.159,87.256,23.084,126.972,0.533,89.252,365,1619,129.523,25.361,3.780,0.265,0.939,Cortical
242,Cutaneous,4022.977,503.484,3225.369,269.207,100.382,51.027,47.089,0.698,102.261,270,1893,43.636,54.767,1.967,0.508,0.923,Cortical
243,Pleural,826.517,839.700,4751.970,128.274,52.053,20.217,105.451,0.631,52.432,481,2747,113.199,22.071,2.575,0.388,0.904,Cortical
244,Pleural,12365.173,975.680,5028.277,964.542,259.116,60.760,130.846,0.167,377.411,501,2823,136.478,109.889,4.265,0.234,0.413,Trabecularized
245,Pleural,2058.887,1200.016,5352.903,170.661,55.070,47.602,61.421,0.888,57.858,688,3124,59.621,49.221,1.157,0.864,0.953,Cortical
246,Pleural,468.063,1762.696,6078.422,96.284,41.645,14.311,60.841,0.634,40.803,1019,3542,62.354,16.383,2.910,0.344,0.856,Cortical
247,Pleural,675.433,2973.669,6007.851,107.029,37.181,23.130,64.532,0.741,37.787,1721,3499,59.931,27.248,1.607,0.622,0.867,Cortical
248,Pleural,613.222,3393.994,6745.346,92.424,32.176,24.266,89.148,0.902,33.816,1970,3910,104.744,24.096,1.326,0.754,0.939,Cortical
249,Pleural,1555.274,3389.816,6837.340,150.598,47.416,41.763,141.234,0.862,51.087,1956,3964,147.381,43.814,1.135,0.881,0.929,Cortical
250,Pleural,1972.977,3623.534,6781.569,386.390,106.895,23.500,145.340,0.166,112.391,2076,3926,152.650,33.893,4.549,0.220,0.624,Cortical
251,Pleural,2307.731,3468.438,6377.375,202.549,79.856,36.795,46.012,0.707,77.834,2003,3724,54.904,37.206,2.170,0.461,0.902,Cortical
252,Pleural,2781.720,3315.541,6390.320,208.181,70.713,50.087,132.926,0.807,73.528,1916,3693,122.574,50.617,1.412,0.708,0.935,Cortical
253,Pleural,802.818,4140.517,6969.752,250.814,82.019,12.463,35.793,0.160,98.634,2381,4061,29.249,21.701,6.581,0.152,0.497,Cortical
254,Pleural,577.673,4609.246,6193.649,135.403,54.057,13.606,19.299,0.396,55.613,2664,3605,21.801,16.873,3.973,0.252,0.769,Cortical
255,Pleural,25313.943,4708.346,6086.280,634.727,192.773,167.195,53.380,0.790,216.738,2706,3597,55.679,172.891,1.153,0.867,0.946,Trabecularized
256,Pleural,234.032,4966.067,6965.805,55.740,20.360,14.636,23.184,0.947,21.566,2880,4050,28.610,15.491,1.391,0.719,0.929,Cortical
257,Pleural,394.003,5429.315,7142.592,75.803,26.976,18.597,167.397,0.862,28.852,3147,4146,162.646,18.933,1.451,0.689,0.908,Cortical
258,Pleural,12003.756,5237.416,6227.189,444.074,130.500,117.116,120.106,0.765,134.923,3030,3583,113.295,119.155,1.114,0.897,0.965,Cortical
259,Pleural,337.717,5809.947,6816.408,74.795,28.518,15.078,67.038,0.759,28.646,3372,3968,57.265,16.519,1.891,0.529,0.860,Cortical
260,Pleural,6875.794,5829.768,6430.654,515.182,206.673,42.359,24.201,0.326,223.096,3316,3761,22.212,56.146,4.879,0.205,0.722,Cortical
261,Pleural,2935.766,6175.114,6097.597,213.467,70.282,53.185,118.650,0.810,73.286,3582,3522,99.462,54.466,1.321,0.757,0.938,Cortical
262,Pleural,6232.948,6429.817,5775.238,290.635,105.628,75.132,49.670,0.927,107.017,3719,3380,62.199,73.562,1.406,0.711,0.980,Cortical
263,Pleural,1122.760,6743.171,5588.761,159.326,46.072,31.028,137.673,0.556,52.686,3905,3235,141.632,33.391,1.485,0.673,0.875,Cortical
264,Pleural,3338.656,6539.576,6014.314,211.310,71.082,59.803,23.497,0.940,72.942,3777,3497,19.290,57.855,1.189,0.841,0.982,Cortical
265,Pleural,11550.505,6585.141,6679.852,453.321,184.274,79.808,14.807,0.706,181.842,3776,3899,17.063,82.490,2.309,0.433,0.956,Cortical
266,Pleural,553.974,6527.824,7012.679,113.323,31.216,22.595,15.365,0.542,36.794,3781,4073,169.216,23.332,1.381,0.724,0.784,Cortical
267,Pleural,1069.436,6656.546,7144.843,318.927,93.211,14.608,9.832,0.132,140.768,3820,4162,11.997,21.414,6.381,0.157,0.551,Cortical
268,Pleural,1416.040,6992.564,6163.230,259.053,92.016,19.594,115.782,0.265,98.453,4048,3563,126.469,31.154,4.696,0.213,0.627,Cortical
269,Pleural,1149.422,7269.816,6173.315,130.952,42.286,34.610,49.040,0.842,44.883,4217,3598,57.529,36.511,1.222,0.819,0.932,Cortical
270,Pleural,2858.743,7860.418,6315.016,203.486,67.859,53.639,167.570,0.868,71.403,4547,3663,164.624,55.078,1.265,0.790,0.951,Cortical
271,Pleural,1709.321,7528.359,5978.620,181.824,61.187,35.569,35.550,0.650,63.474,4360,3485,49.399,37.851,1.720,0.581,0.882,Cortical
272,Pleural,346.604,7391.699,5819.387,75.803,24.430,18.064,10.591,0.758,27.806,4287,3384,21.801,17.212,1.352,0.739,0.897,Cortical
273,Pleural,1730.058,7955.421,5816.616,170.661,62.372,35.317,75.100,0.746,64.308,4616,3397,74.476,37.866,1.766,0.566,0.942,Cortical
274,Pleural,2562.500,8184.395,5345.079,202.305,58.779,55.508,67.708,0.787,63.962,4747,3123,66.194,56.190,1.059,0.944,0.915,Cortical
275,Pleural,1253.107,8880.904,5435.731,141.279,50.905,31.343,44.836,0.789,53.771,5150,3170,50.194,33.735,1.624,0.616,0.923,Cortical
276,Pleural,5059.826,8843.228,5166.059,283.149,91.385,70.497,169.474,0.793,96.524,5110,2992,158.009,72.289,1.296,0.771,0.953,Cortical
277,Pleural,1925.578,9123.617,4667.766,333.502,121.707,20.144,149.275,0.218,119.370,5271,2697,151.587,28.549,6.042,0.166,0.631,Cortical
278,Pleural,411.777,9359.198,4783.262,110.054,39.824,13.165,108.370,0.427,41.594,5431,2769,114.444,14.658,3.025,0.331,0.808,Cortical
279,Pleural,690.246,9651.744,4901.786,128.936,31.133,28.229,79.933,0.522,36.794,5605,2836,100.784,30.981,1.103,0.907,0.808,Cortical
280,Cutaneous,1821.893,9852.577,3956.029,273.067,86.523,26.810,123.417,0.307,87.102,5712,2275,119.605,32.945,3.227,0.310,0.801,Cortical
281,Pleural,12234.826,9598.548,4716.813,538.793,249.884,62.340,67.971,0.530,249.053,5549,2807,66.801,63.859,4.008,0.249,0.963,Cortical
282,Cutaneous,411.777,9967.725,3837.226,74.795,25.794,20.326,78.451,0.925,27.214,5789,2237,71.565,20.654,1.269,0.788,0.924,Cortical
283,Cutaneous,1241.257,9996.679,3882.207,133.674,47.081,33.568,52.321,0.873,50.032,5796,2263,40.815,34.502,1.403,0.713,0.979,Cortical
284,Cutaneous,619.147,9433.154,3720.820,144.722,43.353,18.184,101.374,0.371,55.104,5477,2148,104.470,20.654,2.384,0.419,0.749,Cortical
285,Cutaneous,239.957,9724.942,3634.974,64.468,18.741,16.302,47.325,0.726,20.797,5647,2117,65.556,17.212,1.150,0.870,0.853,Cortical
286,Cutaneous,2245.520,9908.060,3487.625,177.129,57.504,49.720,88.113,0.899,59.349,5750,2010,106.858,49.914,1.157,0.865,0.951,Cortical
287,Cutaneous,3430.491,9788.240,2876.810,264.512,81.641,53.500,84.538,0.616,93.531,5682,1700,77.243,58.520,1.526,0.655,0.855,Cortical
288,Cutaneous,5098.338,9714.132,2656.095,285.166,86.743,74.835,8.655,0.788,94.711,5616,1548,19.093,75.731,1.159,0.863,0.930,Cortical
289,Cutaneous,1824.855,9354.729,2581.831,324.457,112.223,20.704,162.469,0.218,124.651,5404,1489,162.316,29.994,5.420,0.184,0.619,Cortical
290,Cutaneous,3868.930,8887.893,2089.177,228.835,71.579,68.820,33.833,0.928,76.452,5146,1228,31.185,69.668,1.040,0.961,0.959,Cortical
291,Cutaneous,660.621,8399.423,1957.600,99.727,35.877,23.445,143.972,0.835,37.235,4870,1133,146.310,26.171,1.530,0.653,0.912,Cortical
292,Cutaneous,722.832,8594.354,1768.771,121.216,44.463,20.699,161.235,0.618,47.946,4981,1023,158.963,26.411,2.148,0.466,0.824,Cortical
293,Cutaneous,6783.959,8489.789,1551.104,321.677,104.904,82.338,121.122,0.824,106.267,4919,874,114.905,83.755,1.274,0.785,0.964,Cortical
294,Cutaneous,5661.199,7856.814,1675.387,339.235,135.697,53.119,11.653,0.618,140.421,4528,979,11.310,58.007,2.555,0.391,0.951,Cortical
295,Cutaneous,559.899,7701.769,1040.101,95.612,37.666,18.926,35.466,0.770,40.144,4462,609,30.964,20.690,1.990,0.502,0.887,Cortical
296,Cutaneous,56902.308,7002.480,1527.120,985.125,337.730,214.521,81.665,0.737,347.357,4024,976,75.069,218.394,1.574,0.635,0.963,Trabecularized
297,Cutaneous,4621.387,6838.125,1758.397,299.597,92.444,63.651,10.976,0.647,95.428,3945,1025,172.747,66.716,1.452,0.689,0.912,Cortical
298,Cutaneous,1279.769,6399.814,1611.243,141.870,52.920,30.791,73.460,0.799,54.997,3713,952,69.864,32.390,1.719,0.582,0.933,Cortical
299,Cutaneous,20037.860,6214.435,1458.323,566.543,174.347,146.335,92.906,0.784,190.856,3600,792,97.253,150.867,1.191,0.839,0.946,Trabecularized
300,Cutaneous,402.890,6554.938,947.277,74.795,24.724,20.748,86.251,0.905,26.720,3807,543,104.931,20.654,1.192,0.839,0.919,Cortical
301,Cutaneous,5234.609,5743.174,791.684,395.101,185.375,35.954,113.176,0.421,178.637,3313,409,115.084,43.160,5.156,0.194,0.847,Cortical
302,Cutaneous,266.618,4730.044,1207.305,84.114,30.872,10.996,99.454,0.474,33.107,2746,692,98.973,13.358,2.808,0.356,0.766,Cortical
303,Cutaneous,509.538,5596.035,1413.771,108.037,28.055,23.125,35.794,0.549,32.475,3243,827,32.005,25.123,1.213,0.824,0.852,Cortical
304,Cutaneous,5142.774,4689.131,1418.868,330.232,122.898,53.280,55.993,0.593,131.948,2704,863,59.421,57.629,2.307,0.433,0.941,Cortical
